,Unnamed: 0,Index,Frame,Success,Goblin Death,Player Hurt,Player Attacking,Player Moving,Min,Max,Median,Sd,Type
0,0,10,12259,1,0,0,0,0,0.6471,0.7862,0.7206,0.0539182299765999,0
1,1,20,13251,1,0,0,0,0,0.6831,0.7391,0.6957,0.0173508693346087,0
2,2,30,14001,1,0,0,0,0,0.66,0.7586,0.7103,0.0305615413473176,0
3,3,40,14865,1,0,0,0,0,0.651,0.7277,0.7051,0.0258567058631844,0
4,4,160,20592,1,3,2,4,4,0.6505,0.7164,0.6928,0.0220824386161967,0
5,5,170,21303,1,3,2,4,4,0.6574,0.8368,0.7646,0.0595391451863713,0
6,6,182,22291,1,3,2,4,4,0.4454,0.7643,0.5732,0.1307279880405984,0
7,7,186,23277,1,3,2,4,4,0.6526,0.8107,0.7496,0.044603942810986,0
8,0,10,10853,1,0,0,0,0,0.6564,0.8299,0.73,0.0533474888952476,1
9,1,62,13788,1,0,0,1,2,0.6376,0.7204,0.6742,0.0249648095183142,1
10,2,89,15316,1,1,0,2,2,0.5526,0.7528,0.6181,0.0726962840472999,1
11,3,130,17240,1,2,1,3,3,0.6403,0.7002,0.6688,0.0159279120085584,1
12,4,160,18334,1,3,2,4,3,0.6386,0.7464,0.6928,0.0341797071513548,1
13,5,208,20444,1,4,3,5,5,0.2493,0.7479,0.6176,0.1953097666589691,1
14,6,239,21782,1,5,3,6,6,0.4942,0.7499,0.6338,0.0905081543287675,1
15,7,311,26030,1,5,4,7,12,0.583,0.7528,0.6258,0.0588704445209583,1
16,0,8,9664,1,0,0,0,0,0.41,0.6863,0.6142,0.1129979043210642,0
17,1,14,10496,1,0,0,0,0,0.5468,0.7499,0.5951,0.0829883629248847,0
18,2,24,11209,1,0,0,0,0,0.4696,0.7563,0.6352,0.1108573888681609,0
19,3,30,12044,1,0,0,0,0,0.5113,0.7752,0.6198,0.1008002636050974,0
20,4,107,16425,1,3,2,4,3,0.6745,0.8696,0.8006,0.0745058911061656,0
21,5,111,17188,1,3,2,4,3,0.4728,0.7722,0.6246,0.0939927899970448,0
22,6,117,18445,1,3,2,4,3,0.5677,0.6709,0.6433,0.0352290910632513,0
23,7,123,19056,1,3,2,4,3,0.3433,0.7173,0.5933,0.1378852134756954,0
24,0,12,9935,1,0,0,0,0,0.4947,0.7619,0.6366,0.1020008674099438,1
25,1,46,12019,1,0,1,1,1,0.5385,0.7617,0.6392,0.0764756438040118,1
26,2,70,13444,1,1,2,2,1,0.5931,0.7101,0.6483,0.0367346832350702,1
27,3,101,15631,1,2,3,3,2,0.4864,0.7458,0.6042,0.0841892720232781,1
28,4,135,17805,1,3,4,4,4,0.5424,0.7475,0.5957,0.0865787024289791,1
29,5,178,21063,1,3,5,5,7,0.5685,0.757,0.629,0.0585390280883088,1
30,6,206,22592,1,4,6,6,8,0.3556,0.691,0.6052,0.1337537068467192,1
31,7,231,24152,1,5,6,7,9,0.588,0.7779,0.6402,0.0710436371602157,1
32,0,8,17884,1,0,0,0,0,0.4685,0.7609,0.6371,0.1051388365561506,0
33,1,14,18444,1,0,0,0,0,0.5261,0.7227,0.6269,0.0563704203081215,0
34,2,20,19184,1,0,0,0,0,0.5239,0.6898,0.6381,0.0528720540100164,0
35,3,30,19931,1,0,0,0,0,0.5762,0.7032,0.6453,0.0420952468756724,0
36,4,181,33407,0,4,1,4,14,0.488,0.749,0.6074,0.0964121114699561,0
37,5,189,33934,1,4,1,4,14,0.4809,0.7036,0.6323,0.0869918304867104,0
38,6,195,35132,1,4,1,4,14,0.3018,0.8723,0.6032,0.2243517864765914,0
39,7,201,35777,1,4,1,4,14,0.3209,0.793,0.5752,0.1999866083611838,0
40,8,207,36788,1,4,1,4,14,0.4923,0.7035,0.6277,0.0830806189077527,0
41,0,12,7403,1,0,0,0,0,0.4507,0.7225,0.6217,0.0858064888211231,1
42,1,60,9997,1,1,1,1,2,0.6055,0.7294,0.6771,0.0409704713642584,1
43,2,103,13372,1,2,1,2,5,0.5318,0.7186,0.6242,0.0687458743350845,1
44,3,168,16842,1,2,2,3,10,0.5671,0.6993,0.6232,0.0453010280551903,1
45,4,192,17959,1,3,3,4,10,0.6055,0.6829,0.6502,0.0214372906070573,1
46,5,239,21156,1,3,4,5,13,0.5522,0.7653,0.5992,0.0722669442974811,1
47,6,267,23026,1,4,5,6,14,0.4997,0.695,0.627,0.05944468016568,1
48,7,334,27962,1,5,6,7,24,0.3198,0.6974,0.5814,0.1485335710009212,1
49,0,8,15642,1,0,0,0,0,0.3231,0.7619,0.6451,0.1339417559986429,0
50,1,18,16802,1,0,0,0,0,0.5621,0.741,0.6693,0.0529303567592989,0
51,2,28,17416,1,0,0,0,0,0.5491,0.7364,0.6688,0.0597371600071034,0
52,3,42,18031,1,0,0,0,0,0.5764,0.8251,0.6383,0.0930025498882384,0
53,4,309,31488,1,3,2,4,15,0.6466,0.7896,0.7,0.0442038923086881,0
54,5,317,32553,1,3,2,4,15,0.5225,0.8067,0.629,0.1076203676067384,0
55,6,323,33147,1,3,2,4,15,0.343,0.7632,0.6088,0.1726263920670742,0
56,7,337,33645,1,3,2,4,15,0.3139,0.773,0.5802,0.1533600556424868,0
57,0,38,9031,0,0,1,0,2,0.0443,0.0812,0.0655,0.01075140300922,1
58,1,46,9647,1,0,1,0,2,0.4542,0.7571,0.6248,0.0998398517627104,1
59,2,74,11257,1,1,2,1,2,0.4807,0.7942,0.6099,0.1023940065210292,1
60,3,127,13960,1,1,3,2,5,0.5369,0.7137,0.6518,0.064471748704005,1
61,4,161,15536,1,2,4,3,5,0.5108,0.8686,0.6017,0.1458250344305348,1
62,5,200,17894,1,3,4,4,6,0.3834,0.8418,0.663,0.1159466987558548,1
63,6,229,19839,1,3,5,5,7,0.5594,0.7723,0.6664,0.0751417010593667,1
64,7,261,21825,1,4,6,6,8,0.3749,0.7963,0.6092,0.1595115230947281,1
65,8,341,26048,1,5,7,7,14,0.5659,0.7435,0.7065,0.0564544046955045,1
66,0,8,9226,1,0,0,0,0,0.5426,0.7444,0.6279,0.0707878688826862,0
67,1,18,9756,1,0,0,0,0,0.528,0.7308,0.633,0.0675457143259994,0
68,2,24,10397,1,0,0,0,0,0.3661,0.7165,0.5915,0.1445054610930476,0
69,3,30,11474,1,0,0,0,0,0.5594,0.7761,0.6254,0.0757525564553686,0
70,4,235,24691,0,2,5,4,13,0.4592,0.7094,0.5957,0.0830327319280088,0
71,5,236,26178,0,2,5,4,13,0.2102,0.4335,0.2908,0.0744237334137309,0
72,6,240,26863,1,2,5,4,13,0.1814,0.8232,0.5803,0.2188454320813143,0
73,7,246,27551,1,2,5,4,13,0.381,0.693,0.6483,0.0937969666480795,0
74,8,252,28368,1,2,5,4,13,0.6022,0.7149,0.6345,0.0372376243424129,0
75,9,262,28937,1,2,5,4,13,0.114,0.7345,0.6087,0.2470423834852943,0
76,0,65,21151,1,0,1,0,2,0.3346,0.7562,0.6175,0.1365946017897312,1
77,1,152,25498,1,1,4,1,5,0.6519,0.8622,0.8247,0.0558914279141776,1
78,2,180,27140,1,1,5,2,5,0.4642,0.7256,0.6295,0.0908835109985775,1
79,3,203,29289,0,2,6,3,5,0.5372,0.6389,0.578,0.0261904199133594,1
80,4,204,30770,0,2,6,3,5,0.2605,0.3361,0.2747,0.0206865795004532,1
81,5,208,31371,1,2,6,3,5,0.6211,0.7623,0.6528,0.0502078707546365,1
82,6,263,34680,1,3,6,4,7,0.6032,0.7077,0.6365,0.036140674882359,1
83,7,318,39390,0,3,7,5,11,0.3991,0.5277,0.4372,0.0436580783993502,1
84,8,323,40843,0,3,7,5,11,0.2297,0.4004,0.28,0.0379152337772161,1
85,9,327,41459,1,3,7,5,11,0.0478,0.7126,0.4125,0.2937124071183206,1
86,10,346,43337,0,4,8,6,11,0.0391,0.7574,0.0581,0.2350241412118783,1
87,11,354,44745,1,4,8,6,11,0.5,0.7334,0.6735,0.074118504212286,1
88,12,396,48214,1,5,9,7,14,0.3104,0.8173,0.5415,0.2005143132285668,1
89,0,5,16328,0,0,0,0,0,0.2047,0.387,0.2401,0.0466709637477399,0
90,1,6,17380,0,0,0,0,0,0.37,0.5626,0.4321,0.0654711626814213,0
91,2,7,18436,0,0,0,0,0,0.2053,0.3121,0.2525,0.0313681776874043,0
92,3,12,19494,0,0,0,0,0,0.0855,0.2708,0.1287,0.0722574214346246,0
93,4,13,20549,0,0,0,0,0,0.2651,0.4943,0.3839,0.0652314940003968,0
94,5,17,21379,1,0,0,0,0,0.3633,0.8467,0.6037,0.1648037615150935,0
95,6,23,22178,1,0,0,0,0,0.5129,0.7964,0.5949,0.1043992806944751,0
96,7,29,23154,1,0,0,0,0,0.4361,0.7619,0.6363,0.1235020096231327,0
97,8,32,24178,0,0,0,0,0,0.0707,0.1487,0.1196,0.0197146863313332,0
98,9,33,25223,0,0,0,0,0,0.1581,0.5188,0.3609,0.1080112670489695,0
99,10,37,25702,1,0,0,0,0,0.4106,0.761,0.6252,0.1184075556630371,0
100,11,268,36482,0,3,3,4,13,0.15,0.2632,0.2173,0.0394497003428778,0
101,12,269,37516,0,3,3,4,13,0.1017,0.2889,0.2079,0.0539828923518059,0
102,13,270,38491,0,3,3,4,13,0.1032,0.3364,0.2923,0.0727703020272889,0
103,14,274,38963,1,3,3,4,13,0.5188,0.8159,0.6308,0.1143615848755083,0
104,15,277,39898,0,3,3,4,13,0.1012,0.3737,0.2662,0.0920084768351471,0
105,16,281,40348,1,3,3,4,13,0.4342,0.7194,0.6145,0.0840706154429262,0
106,17,284,41366,0,3,3,4,13,0.1208,0.3032,0.2375,0.0588885953871092,0
107,18,288,41788,1,3,3,4,13,0.3761,0.7748,0.6342,0.1294904269305908,0
108,19,294,42248,1,3,3,4,13,0.5467,0.761,0.6138,0.0752335012762646,0
109,0,12,4898,1,0,0,0,0,0.6185,0.696,0.6581,0.0230868443264206,1
110,1,50,6515,1,0,1,1,1,0.1331,0.7263,0.6388,0.1949997831500625,1
111,2,78,7635,1,1,2,2,1,0.5378,0.7555,0.5968,0.0755379059684291,1
112,3,105,10016,0,2,2,3,2,0.1381,0.2827,0.2266,0.0460488322586029,1
113,4,106,11052,0,2,2,3,2,0.1279,0.2887,0.1459,0.0561794853254154,1
114,5,107,12087,0,2,2,3,2,0.3484,0.5898,0.5506,0.0639329321204949,1
115,6,108,13123,0,2,2,3,2,0.1549,0.5912,0.2065,0.1392071929586563,1
116,7,109,14156,0,2,2,3,2,0.2663,0.4257,0.32,0.0476804522190124,1
117,8,110,15196,0,2,2,3,2,0.1113,0.2825,0.1792,0.0580904368820105,1
118,9,111,16234,0,2,2,3,2,0.1818,0.4152,0.2329,0.0670628113537351,1
119,10,112,17277,0,2,2,3,2,0.1164,0.5376,0.3303,0.1573380512811582,1
120,11,113,18306,0,2,2,3,2,0.2559,0.4914,0.4136,0.0706325380300851,1
121,12,118,19356,0,2,2,3,2,0.2757,0.4769,0.3709,0.0630445926838033,1
122,13,122,19875,1,2,2,3,2,0.3545,0.9054,0.6168,0.1793302956903293,1
123,14,154,22584,0,3,3,4,5,0.2836,0.5333,0.4569,0.0823006005879839,1
124,15,155,23621,0,3,3,4,5,0.2281,0.5099,0.3726,0.0821839736433419,1
125,16,156,24661,0,3,3,4,5,0.1351,0.2511,0.2087,0.0387095263284301,1
126,17,161,25674,0,3,3,4,5,0.1982,0.3605,0.2195,0.0622895756775982,1
127,18,165,26235,1,3,3,4,5,0.3882,0.7728,0.6385,0.1531901889808874,1
128,19,188,28152,0,3,5,5,6,0.3217,0.5198,0.4426,0.0593256926594524,1
129,20,189,29167,0,3,5,5,6,0.1098,0.3131,0.2826,0.0808429736028579,1
130,21,190,30179,0,3,5,5,6,0.1228,0.2752,0.2024,0.0482426041704099,1
131,22,191,31196,0,3,5,5,6,0.2173,0.445,0.4121,0.0722433803195836,1
132,23,195,31604,1,3,5,5,6,0.2922,0.8292,0.6268,0.204404585495112,1
133,24,210,33092,0,4,6,6,6,0.1279,0.2354,0.1758,0.0351481043314605,1
134,25,211,34104,0,4,6,6,6,0.1078,0.5296,0.2878,0.1220224257296681,1
135,26,212,35126,0,4,6,6,6,0.1475,0.4452,0.3214,0.0791006543829412,1
136,27,213,36140,0,4,6,6,6,0.0864,0.1564,0.1218,0.0234244032296805,1
137,28,214,37150,0,4,6,6,6,0.0815,0.1509,0.1003,0.0219333991893641,1
138,29,218,37894,1,4,6,6,6,0.4735,0.6954,0.6174,0.0826361894663821,1
139,30,243,40105,0,5,6,7,9,0.0538,0.3128,0.2096,0.0804751620954298,1
140,31,244,41127,0,5,6,7,9,0.1332,0.241,0.1911,0.0284394796014273,1
141,32,245,42148,0,5,6,7,9,0.0709,0.2469,0.11,0.0522611191176439,1
142,33,246,43167,0,5,6,7,9,0.1914,0.3686,0.2205,0.0599978785339234,1
143,34,251,44190,0,5,6,7,9,0.1661,0.3302,0.241,0.0521953947977715,1
144,35,252,45209,0,5,6,7,9,0.3136,0.5776,0.4355,0.0890657959039271,1
145,36,256,46134,1,5,6,7,9,0.4073,0.7376,0.6147,0.1123815685616683,1
146,0,8,7717,1,0,0,0,0,0.5417,0.7184,0.6242,0.0658824588259453,0
147,1,11,8700,0,0,0,0,0,0.3984,0.4657,0.4403,0.0226448816880695,0
148,2,15,9306,1,0,0,0,0,0.5026,0.7857,0.6418,0.0822746341746435,0
149,3,22,10256,0,0,0,0,0,0.0737,0.5996,0.1235,0.1932837300077642,0
150,4,26,11170,1,0,0,0,0,0.5079,0.7269,0.6044,0.0825591966553754,0
151,5,29,12208,0,0,0,0,0,0.4637,0.678,0.5459,0.0643730533686262,0
152,6,33,13179,1,0,0,0,0,0.3338,0.7264,0.6227,0.1559867506583568,0
153,7,123,18047,0,3,3,4,3,0.5421,0.7042,0.5851,0.0465237399716787,0
154,8,132,19060,0,3,3,4,3,0.2297,0.3906,0.2934,0.0542815631244909,0
155,9,140,19816,1,3,3,4,3,0.5086,0.7601,0.6064,0.0874846065371067,0
156,10,143,20820,0,3,3,4,3,0.2833,0.5304,0.3697,0.0885989992419026,0
157,11,153,21226,1,3,3,4,3,0.6506,0.7635,0.6921,0.0295381786845431,0
158,12,157,22042,1,3,3,4,3,0.4467,0.7492,0.6228,0.1068801496113865,0
159,13,163,22888,1,3,3,4,3,0.5781,0.7574,0.6981,0.0576911877400452,0
160,0,8,14910,1,0,0,0,0,0.4242,0.7482,0.6091,0.1168509958797752,1
161,1,95,18984,1,0,2,1,3,0.4953,0.7853,0.6063,0.1085476884446033,1
162,2,119,21205,0,1,2,2,3,0.1585,0.6818,0.6104,0.1322720886225489,1
163,3,120,22209,0,1,2,2,3,0.2189,0.4589,0.2588,0.0791623088524908,1
164,4,128,22938,1,1,2,2,3,0.5263,0.7074,0.6503,0.0570998498872182,1
165,5,184,25442,1,2,2,3,6,0.5201,0.6884,0.6204,0.0519837584525892,1
166,6,301,31835,1,3,2,4,15,0.5382,0.7712,0.6799,0.0633491098144694,1
167,7,351,34482,1,4,2,5,18,0.4902,0.7539,0.6404,0.1010410628455203,1
168,8,384,36182,1,5,2,6,20,0.5207,0.7213,0.6364,0.0636186727605152,1
169,9,438,39969,0,5,4,7,26,0.3452,0.4148,0.3802,0.0216440181992513,1
170,10,439,40973,0,5,4,7,26,0.4272,0.586,0.4976,0.0470087144909881,1
171,11,443,41458,1,5,4,7,26,0.345,0.7738,0.6238,0.146175099501542,1
172,0,19,20746,1,0,0,0,2,0.3751,0.8275,0.6075,0.172536241327521,0
173,1,25,21579,1,0,0,0,2,0.4836,0.8544,0.5895,0.1498907262292227,0
174,2,31,22415,1,0,0,0,2,0.5288,0.7797,0.5852,0.0992505559538225,0
175,3,41,23108,1,0,0,0,2,0.3453,0.7126,0.5853,0.1366285625161814,0
176,4,159,29928,1,2,4,4,6,0.641,0.7837,0.7322,0.0375091506295781,0
177,5,171,31323,1,2,4,4,6,0.3518,0.7282,0.6231,0.1248221695052605,0
178,6,177,32505,1,2,4,4,6,0.3867,0.9168,0.6181,0.1760511430021996,0
179,7,191,33384,1,2,4,4,6,0.4103,0.7978,0.5699,0.1476482831725771,0
180,0,49,12893,1,0,1,0,2,0.3208,0.7108,0.5051,0.1508804042311405,1
181,1,108,15735,1,1,2,1,3,0.691,0.8375,0.792,0.0459230546934865,1
182,2,163,19289,1,2,2,2,5,0.3006,0.7993,0.6234,0.1720802678154255,1
183,3,229,22180,1,2,3,3,7,0.6433,0.7864,0.7043,0.05200932334001,1
184,4,286,25397,1,3,5,4,9,0.5863,0.791,0.7267,0.0671486800919812,1
185,5,336,28222,1,4,6,5,11,0.5039,0.7824,0.6397,0.1088055421382569,1
186,6,362,30121,1,4,7,6,12,0.4347,0.716,0.6121,0.0950330032898346,1
187,7,383,32187,1,5,8,7,13,0.3826,0.7559,0.664,0.1063864751518636,1
188,0,78,17549,1,0,0,0,3,0.5015,0.7027,0.582,0.0804484472607561,0
189,1,88,18081,1,0,0,0,3,0.4918,0.777,0.6212,0.0964097490624558,0
190,2,98,18610,1,0,0,0,3,0.6058,0.7338,0.6289,0.0431133036588586,0
191,3,104,19145,1,0,0,0,3,0.5191,0.7339,0.6029,0.0835849770051555,0
192,4,273,24234,1,3,1,4,5,0.5973,0.7405,0.6599,0.047296899123163,0
193,5,279,24788,1,3,1,4,5,0.5118,0.8341,0.6345,0.1086799946544681,0
194,6,291,25279,1,3,1,4,5,0.6753,0.8224,0.7571,0.035066328986243,0
195,7,299,25774,1,3,1,4,5,0.5514,0.7011,0.6427,0.0450753475014996,0
196,0,5,10747,0,0,0,0,0,0.3581,0.5046,0.4245,0.0456880082213932,1
197,1,9,11845,1,0,0,0,0,0.596,0.7062,0.6423,0.0415355556234942,1
198,2,44,15133,0,1,1,1,1,0.3204,0.422,0.3627,0.0289531345453303,1
199,3,48,15792,1,1,1,1,1,0.3573,0.7097,0.619,0.1214095834453811,1
200,4,71,17199,1,1,3,2,1,0.5853,0.7017,0.6145,0.0412706721650178,1
201,5,90,19356,0,2,4,3,1,0.2985,0.4575,0.3686,0.0455582024395586,1
202,6,91,20711,0,2,4,3,1,0.2908,0.4798,0.3804,0.0480678667045232,1
203,7,92,22064,0,2,4,3,1,0.3733,0.5561,0.4725,0.0587928469896028,1
204,8,93,23418,0,2,4,3,1,0.416,0.6199,0.5151,0.0725463989457781,1
205,9,94,24772,0,2,4,3,1,0.3713,0.5164,0.4091,0.0449223138953714,1
206,10,95,26124,0,2,4,3,1,0.1479,0.2581,0.1725,0.0341732811251296,1
207,11,96,27421,0,2,4,3,1,0.1797,0.3924,0.2868,0.0714132260659246,1
208,12,97,28780,0,2,4,3,1,0.164,0.5511,0.3356,0.1394543185146338,1
209,13,98,30094,0,2,4,3,1,0.2497,0.3552,0.2815,0.0363146343319971,1
210,14,99,31465,0,2,4,3,1,0.3016,0.5015,0.4166,0.0726389984460007,1
211,15,100,32835,0,2,4,3,1,0.3761,0.5552,0.4491,0.0449225153008197,1
212,16,101,34205,0,2,4,3,1,0.2536,0.5757,0.395,0.1164818861863243,1
213,17,102,35574,0,2,4,3,1,0.1746,0.5348,0.2137,0.1151681668980915,1
214,18,106,36389,1,2,4,3,1,0.3074,0.7234,0.6374,0.1613959968819667,1
215,19,173,40733,1,3,5,4,5,0.411,0.7803,0.6267,0.1319653645036129,1
216,20,196,42829,0,3,6,5,5,0.3864,0.6177,0.44,0.0671965333572952,1
217,21,204,43443,1,3,6,5,5,0.5481,0.7376,0.6421,0.0465474545363065,1
218,22,232,45370,1,4,7,6,6,0.6164,0.6857,0.6516,0.0217878144186804,1
219,23,269,47599,1,5,8,7,9,0.4265,0.7866,0.567,0.1256383055024374,1
220,0,185,40562,0,0,1,0,18,0.1159,0.1945,0.1459,0.0259855142797088,0
221,1,186,42083,0,0,1,0,18,0.2055,0.2499,0.2179,0.0148386977993674,0
222,2,187,43629,0,0,1,0,18,0.2894,0.4458,0.375,0.0434675576887932,0
223,3,188,45186,0,0,1,0,18,0.1869,0.345,0.2667,0.044346200782136,0
224,4,189,46739,0,0,1,0,18,0.2453,0.4096,0.3258,0.0485300446949643,0
225,5,193,47540,1,0,1,0,18,0.1059,0.7593,0.5421,0.2688075346166224,0
226,6,200,49077,0,0,1,0,18,0.462,0.5855,0.5129,0.0398542821980751,0
227,7,208,49913,1,0,1,0,18,0.3762,0.7834,0.5907,0.1413970977003956,0
228,8,218,50905,1,0,1,0,18,0.4063,0.8283,0.6387,0.1645159161499782,0
229,9,228,51868,1,0,1,0,18,0.0261,0.8765,0.6393,0.3511989236885557,0
230,10,326,58031,1,3,1,4,25,0.3717,0.893,0.5939,0.2001370846861387,0
231,11,329,59479,0,3,1,4,25,0.2066,0.5377,0.3918,0.0979057014731643,0
232,12,333,60155,1,3,1,4,25,0.4896,0.8002,0.5859,0.119265275751159,0
233,13,339,60836,1,3,1,4,25,0.2392,0.7678,0.5933,0.1811907001187528,0
234,14,349,61881,1,3,1,4,25,0.5075,0.7611,0.5942,0.0912890297482723,0
235,0,8,7155,1,0,0,0,0,0.1351,0.796,0.6249,0.2056763576477328,1
236,1,54,9404,1,1,1,1,2,0.3482,0.8438,0.5797,0.1913510180146374,1
237,2,101,13208,0,2,1,2,5,0.2456,0.7073,0.5755,0.1499261065611037,1
238,3,107,13951,1,2,1,2,5,0.6509,0.8985,0.7693,0.0704517916903534,1
239,4,138,15680,1,2,3,3,6,0.5328,0.7839,0.6842,0.0865382398271478,1
240,5,162,16721,1,3,4,4,6,0.1392,0.8181,0.6236,0.2298173680700975,1
241,6,212,19433,1,4,4,5,9,0.3729,0.8108,0.5891,0.1657186333173534,1
242,7,240,21297,1,5,4,6,12,0.1027,0.8408,0.5464,0.2824032538933002,1
243,8,263,22399,1,5,5,7,13,0.5278,0.712,0.6524,0.0511223294796762,1
244,0,8,5651,1,0,0,0,0,0.5108,0.7792,0.6489,0.0925009379617824,0
245,1,17,6539,0,0,0,0,0,0.8406,0.9154,0.8694,0.0273225408425943,0
246,2,27,6927,1,0,0,0,0,0.4252,0.8392,0.6059,0.1672640504454814,0
247,3,37,7306,1,0,0,0,0,0.4651,0.7283,0.6346,0.0827172072845328,0
248,4,53,7701,1,0,0,0,0,0.6442,0.7618,0.7216,0.0314777578314472,0
249,5,201,13840,1,4,1,4,9,0.6537,0.7671,0.6924,0.0343943073916655,0
250,6,209,14206,1,4,1,4,9,0.481,0.7609,0.6133,0.1047906675234011,0
251,7,215,14539,1,4,1,4,9,0.5546,0.8157,0.6521,0.1053642570640853,0
252,8,221,14966,1,4,1,4,9,0.5927,0.7046,0.6486,0.0349167922488933,0
253,0,28,13401,1,0,0,0,1,0.6708,0.8628,0.8336,0.0687595832281892,1
254,1,106,15351,1,0,1,1,3,0.5482,0.7375,0.6827,0.0594197498031308,1
255,2,150,16325,1,1,2,2,3,0.5548,0.9103,0.6375,0.1347070666651301,1
256,3,188,17211,1,2,3,3,3,0.6172,0.7979,0.6836,0.0686383989434763,1
257,4,245,19575,0,2,4,4,5,0.337,0.628,0.5294,0.0922272787865984,1
258,5,249,19964,1,2,4,4,5,0.6224,0.7921,0.663,0.0649926354802347,1
259,6,277,20727,1,3,5,5,5,0.5309,0.7992,0.6213,0.1008087685150642,1
260,7,327,22624,1,4,5,6,8,0.4225,0.7086,0.6032,0.0998587550111704,1
261,8,374,24381,1,5,5,7,11,0.6485,0.785,0.712,0.0408155374243448,1
262,0,12,11585,1,0,0,0,0,0.3985,0.8787,0.6012,0.1773701448545224,0
263,1,18,12109,1,0,0,0,0,0.4802,0.7519,0.6445,0.0992511475284507,0
264,2,24,12999,1,0,0,0,0,0.4908,0.8601,0.63,0.1361789078836401,0
265,3,27,14485,0,0,0,0,0,0.412,0.5867,0.4804,0.0506744652519533,0
266,4,28,15988,0,0,0,0,0,0.2274,0.6756,0.3837,0.1595805519837194,0
267,5,36,16687,1,0,0,0,0,0.3735,0.7202,0.6484,0.1203770651308786,0
268,6,121,22902,1,3,3,4,4,0.5092,0.7535,0.6457,0.0790165485982585,0
269,7,127,23841,1,3,3,4,4,0.4884,0.7849,0.6561,0.0803853741731192,0
270,8,133,24840,1,3,3,4,4,0.5415,0.7418,0.6602,0.0582733198773144,0
271,9,139,25553,1,3,3,4,4,0.5503,0.8431,0.6292,0.1007379003723453,0
272,0,18,14961,1,0,0,0,1,0.3926,0.7741,0.6216,0.1445630404587101,1
273,1,56,17383,1,1,1,1,2,0.5806,0.7903,0.6691,0.0635156426177273,1
274,2,98,20182,1,2,1,2,4,0.3523,0.8016,0.6931,0.1471584736974136,1
275,3,124,22458,0,2,3,3,5,0.3065,0.5186,0.4302,0.0635407480807919,1
276,4,132,23134,1,2,3,3,5,0.3164,0.8254,0.6109,0.1960028420590836,1
277,5,154,24203,1,3,4,4,5,0.6709,0.9015,0.8479,0.0895253951733941,1
278,6,194,27380,1,4,4,5,8,0.5323,0.7756,0.6406,0.0785515978437709,1
279,7,230,29692,1,4,5,6,11,0.6713,0.8018,0.7472,0.0422829111039976,1
280,8,254,31880,1,5,6,7,13,0.4395,0.7858,0.5243,0.1339657187847839,1
281,0,8,12514,1,0,0,0,0,0.4716,0.701,0.5628,0.0893143682783032,0
282,1,18,13054,1,0,0,0,0,0.6127,0.8162,0.6731,0.0757141334230274,0
283,2,24,13532,1,0,0,0,0,0.5374,0.7099,0.6368,0.055099837524607,0
284,3,34,14079,1,0,0,0,0,0.5888,0.7253,0.6523,0.0466887852344293,0
285,4,385,31405,1,3,3,4,24,0.6064,0.7257,0.683,0.0309826418376176,0
286,5,391,31883,1,3,3,4,24,0.6509,0.7685,0.7158,0.0448342853501329,0
287,6,401,32456,1,3,3,4,24,0.6456,0.7254,0.7034,0.0239279473976909,0
288,7,405,32928,1,3,3,4,24,0.4457,0.6958,0.6121,0.0856359943237043,0
289,0,12,9875,1,0,0,0,0,0.5677,0.767,0.638,0.0578907937413195,1
290,1,54,12078,1,1,1,1,1,0.5794,0.7493,0.6489,0.052626485274821,1
291,2,92,15531,1,2,1,2,3,0.5323,0.7501,0.6186,0.0791425314588451,1
292,3,124,17769,1,3,2,3,4,0.6236,0.7447,0.6657,0.0420522260324672,1
293,4,174,19929,1,4,3,4,6,0.6417,0.7419,0.704,0.027269501540837,1
294,5,252,25970,1,4,3,5,15,0.5344,0.7347,0.6184,0.0722131468046405,1
295,6,267,27194,1,5,3,6,15,0.4717,0.7038,0.6227,0.0772003836654665,1
296,7,369,32518,1,5,4,7,23,0.5555,0.7835,0.6349,0.0899943553785458,1
297,0,25,18204,0,0,0,0,2,0.1043,0.2825,0.1734,0.0540875040581287,0
298,1,26,19602,0,0,0,0,2,0.2796,0.6045,0.5628,0.093768076098628,0
299,2,30,20204,1,0,0,0,2,0.3719,0.7435,0.553,0.1390519834279184,0
300,3,36,20950,1,0,0,0,2,0.5423,0.7218,0.6703,0.0585343757364605,0
301,4,46,21508,1,0,0,0,2,0.2986,0.7074,0.4649,0.1780285485399409,0
302,5,52,22269,1,0,0,0,2,0.4611,0.8163,0.6222,0.1207505389912056,0
303,6,130,27411,1,3,4,4,5,0.7275,0.8729,0.8191,0.0477449124689392,0
304,7,134,28157,1,3,4,4,5,0.4761,0.7787,0.617,0.1074414981457794,0
305,8,140,28858,1,3,4,4,5,0.38,0.8232,0.6317,0.1608093123932223,0
306,9,146,29687,1,3,4,4,5,0.3302,0.8589,0.6015,0.1893135381167593,0
307,0,8,11625,1,0,0,0,0,0.0655,0.7418,0.5795,0.2408494544612582,1
308,1,41,14073,1,0,0,1,1,0.4173,0.7523,0.6272,0.1005323984736121,1
309,2,68,15445,1,1,0,2,1,0.4772,0.7993,0.6417,0.0961422284703142,1
310,3,108,18941,0,2,2,3,3,0.2945,0.6425,0.385,0.1227423949734138,1
311,4,116,20066,1,2,2,3,3,0.5771,0.8518,0.6256,0.1167195140170698,1
312,5,137,21366,1,2,4,4,3,0.3847,0.866,0.6302,0.175317024952214,1
313,6,169,22910,1,3,5,5,3,0.4129,0.7723,0.6144,0.1346758712082988,1
314,7,234,28191,1,4,5,6,9,0.5109,0.691,0.6463,0.0571761838530694,1
315,8,275,30461,1,5,6,7,12,0.4875,0.8668,0.6242,0.1158245730157712,1
